category,Énergie (kJ),Sel (g),Protéines (g),Sucres (g),Glucides (g),Matières grasses (g),Acides gras saturés (g),Fibres alimentaires (g),Biotine (µg),Vitamine B1 (Thiamine) (mg),Vitamine E (Tocopherol) (mg),Acide folique (µg),Vitamine A (µg),Vitamine D (Cholacalciferol) (µg),Vitamine C (Acide ascorbique) (mg),Vitamine B6 (Pyridoxine) (mg),Vitamine B5 (acide pantothénique) (mg),Vitamine B3 (Niacine) (mg),Vitamine B2 (Riboflavine) (mg),Vitamine B12 (Cobalamine) (µg)
/CHOCOLAT/BONBONS_CHEWING_GUM,0.14070449054006468,-0.3267463938359917,-0.9344422323100141,1.3581428483795188,1.9723001862943597,-0.7494654749716255,-0.32082708881284344,0.005347304734807169,-0.032219530455219234,-0.0920329805010965,-0.1502142422429628,-0.20497243826098197,-0.18552425966102948,-0.20893153401354467,4.4619510162496905,-0.10356419018064116,-0.0335635622887846,-0.0953864498325573,-0.08776335177057418,-0.10215026804939273
/PETIT_DEJEUNER/CACAO_CHOCOLATS_EN_POUDRE,0.6166777548979793,-0.26136639021007513,0.06441606592218813,2.922959436490601,1.461960134339535,-0.48676428188800736,-0.26659443633121627,1.0154732463676894,0.17093134732298282,1.483614696759478,1.4264797539334584,5.585567560142923,2.7653013277614513,3.237534210293804,2.3243872602875935,-0.05274429697624591,2.074846645099634,1.6122002232097166,1.759139960624477,1.9140810923702636
/BOISSONS_CHAUDES_FROIDES/BOISSONS_ENERGETIQUES,-1.2358538717552001,-0.3111331263413892,-0.385365052341382,-0.33121276044441167,-0.9168042228662515,-0.805990885224808,0.0604448922701117,-0.3119927326023703,-0.03479922414129165,0.3899015856498221,0.27781152216100824,0.6331320351922148,0.26192424054148283,0.8090119347692164,0.5475368083683129,0.10451628297391895,3.070816622669092,2.5319819573613644,0.40214171219759803,5.447180618196118
/CHOCOLAT/CHOCOLAT,1.7898260573177103,-0.3067890977172827,-0.217797355187799,2.34963811473074,0.9157303865572011,1.6300553405652503,2.6630901160574703,0.004504184405292658,-0.09340576698047452,-0.13390726614463747,-0.19141287556904255,-0.09934982001154727,-0.13158603204283306,-0.14593348540398748,-0.17926760736262703,-0.10491361366811189,-0.14689645978455093,-0.14064778545179757,-0.1298366784685828,-0.1555660566295048
/CHOCOLAT/SAIN_BIO,1.3109951058592721,-0.18914846518671816,0.08541995522710764,0.9544445797315209,1.097128749538953,0.8353431108477345,2.122297018086756,0.5142871114504216,-0.10961034103739145,-0.16407755890644335,-0.22217654238793866,-0.20497243826098197,-0.18552425966102948,-0.20893153401354467,-0.2258840923535542,-0.10588586910007837,-0.1769115650574023,-0.17325843720230613,-0.16015037969199275,-0.19405196641393335
/GARNITURES_INGREDIENTS/TOMATES_EN_CONSERVE,-1.2531671497318644,-0.28752036709372464,-0.7272508527998639,-0.07568748077183075,-0.7593512916473033,-0.8048067126792506,-0.4983157696618054,-0.31005765100037314,-0.10961034103739145,-0.16407755890644335,-0.22217654238793866,-0.20497243826098197,-0.18552425966102948,-0.20893153401354467,-0.2258840923535542,-0.10588586910007837,-0.1769115650574023,-0.17325843720230613,-0.16015037969199275,-0.19405196641393335
/GARNITURES_INGREDIENTS/DU_MONDE_ENTIER,-0.14152889665863078,0.6433503226702421,-0.3073867513957576,-0.21784550626749988,0.05434737074018474,-0.1935750962843009,-0.0789911370719039,-0.1212375750941544,-0.10961034103739145,-0.10533455683273038,-0.22217654238793866,-0.16412760918922356,-0.18552425966102948,-0.20893153401354467,-0.13519520502552174,-0.10221700094020189,-0.0858412488654841,-0.1176015415902611,-0.10604667325588092,-0.15283831817828883
/CHOCOLAT/BISCUITS_GAUFRES,1.5096165350834103,-0.24812328511047482,-0.18437494150907474,1.3887919377983844,1.306335425219189,0.9600799213848201,1.8314648449678146,-0.05090848743879115,-0.10961034103739145,-0.16407755890644335,-0.22217654238793866,-0.20497243826098197,-0.18552425966102948,-0.20893153401354467,-0.2258840923535542,-0.10588586910007837,-0.1769115650574023,-0.17325843720230613,-0.16015037969199275,-0.19405196641393335
/PRODUITS_SURGELES/PLATS_CUISINES,-0.6600898841446591,-0.03490423822174341,-0.28908028555418275,-0.5982506742266044,-0.5049421758836852,-0.37587310173292704,-0.23419570887465974,-0.27909634536841843,-0.10961034103739145,-0.16407755890644335,-0.22217654238793866,-0.20497243826098197,-0.18552425966102948,-0.20893153401354467,-0.2258840923535542,-0.10588586910007837,-0.1769115650574023,-0.17325843720230613,-0.16015037969199275,-0.19405196641393335
/PLATS_CUISINES/PIZZA_MENUS_SNACKS,-0.6030646385491466,-0.04863653484807083,-0.34667133131124345,-0.4921108764282046,-0.5443746819767266,-0.23401333008826974,-0.4034272091297669,-0.23636896567406904,-0.10961034103739145,-0.16407755890644335,-0.22217654238793866,-0.20497243826098197,-0.18552425966102948,-0.20893153401354467,-0.16403745707625392,-0.10588586910007837,-0.1769115650574023,-0.17325843720230613,-0.16015037969199275,-0.19405196641393335
/PRODUITS_SURGELES/GLACE_ENTREMETS,-0.283674202341539,-0.3213258378904823,-0.7107960506373755,0.82457923445013,-0.053707939470635874,-0.16510874788799365,-0.34544007556278566,-0.38518081892906947,-0.10961034103739145,-0.16407755890644335,-0.22217654238793866,-0.20497243826098197,-0.18552425966102948,-0.20893153401354467,-0.2258840923535542,-0.10588586910007837,-0.1769115650574023,-0.17325843720230613,-0.16015037969199275,-0.19405196641393335
/MUEESLI_CEREALES/BARRES_DE_CEREALES,0.9052187959971256,-0.2818797452889949,0.004108150695731939,1.6839949867848374,1.1035279141489243,0.34473536465689636,0.4532207693340182,0.7770711930016376,-0.10961034103739145,0.04960011113668761,-0.006964288516870245,0.5508454141622646,0.1996705361654811,0.24914302693869791,0.33904943513024427,-0.10179805585978356,0.2526546165725554,-0.03387974730848223,-0.03269750553035216,0.0777932573483778
/BOULANGERIE/BISCOTTES_PAIN_CROUSTILLANT,1.0473090150003443,-0.004325233442343218,0.24827876660912038,-0.12107148062703829,1.4256072746824238,-0.08462127145035568,0.2588948498929902,0.9262769378077065,-0.10961034103739145,-0.03864831862955307,-0.22217654238793866,-0.06696552668035266,-0.18552425966102948,-0.20893153401354467,-0.2258840923535542,-0.1013488954704504,-0.1769115650574023,-0.03744161017417108,-0.03283896266038729,-0.19405196641393335
/PRODUITS_LAITIERS_OEUFS/FROMAGES,0.1531852214297265,0.05281011427309328,1.3457169125270096,-0.6465157209454913,-1.095484825704038,0.8360903784007153,0.08505019253264111,-0.7477968924979679,-0.10961034103739145,-0.16407755890644335,-0.22217654238793866,-0.20497243826098197,-0.11248918748806658,-0.20893153401354467,-0.2258840923535542,-0.10588586910007837,-0.1769115650574023,-0.17325843720230613,-0.13083161139979807,-0.19405196641393335
/MUEESLI_CEREALES/CEREALES,0.9583781170557746,-0.25063121018553314,0.6262527884672461,0.12296673546185596,1.153654227677842,0.025648579283306275,0.14914963236419349,2.0268214971271505,0.10671096083084895,0.9126061760900024,-0.22217654238793866,0.8650106660731322,-0.18552425966102948,0.15899984024528466,-0.2258840923535542,-0.07309065586114344,0.9124469017655569,0.8096408491619483,1.02314703456562,1.1288895902842973
/BOULANGERIE/FARINE,0.3744645425398594,-0.29106894906791736,0.735339188690132,-0.6768511707665961,1.5276898251481281,-0.672151687634243,-0.4723671321107876,0.5898571403284165,-0.10961034103739145,-0.16407755890644335,-0.22217654238793866,-0.20497243826098197,-0.18552425966102948,-0.20893153401354467,-0.2258840923535542,-0.10588586910007837,-0.1769115650574023,-0.17325843720230613,-0.16015037969199275,-0.19405196641393335
/GARNITURES_INGREDIENTS/SOUPES_SAUCES_BOUILLON,-0.6639390924115677,0.12017283482896461,-0.7875095705179248,-0.5184805126952973,-0.8241082772563997,-0.015469436287361804,-0.341708110089192,-0.5121765895397733,-0.10961034103739145,-0.16407755890644335,-0.22217654238793866,-0.20497243826098197,-0.18552425966102948,-0.20893153401354467,-0.2258840923535542,-0.10588586910007837,-0.1769115650574023,-0.17325843720230613,-0.16015037969199275,-0.19405196641393335
/PRODUITS_LAITIERS_OEUFS/YOGOURT,-1.0078920408253134,-0.3299509373659109,-0.6475148336698553,0.045769682603740605,-0.6732068307980309,-0.5872197065304933,-0.33229744573845665,-0.6290696751010497,-0.10961034103739145,-0.16407755890644335,-0.22217654238793866,-0.20497243826098197,-0.18552425966102948,-0.20893153401354467,-0.2258840923535542,-0.10588586910007837,-0.1769115650574023,-0.17325843720230613,-0.16015037969199275,-0.19405196641393335
/MUEESLI_CEREALES/MUEESLI,1.0969141668194464,-0.258806076719022,0.6956142461450981,0.21518789390992107,1.0651171260826524,0.2622116957042787,0.03415027288508035,1.8038254910213372,-0.10961034103739145,0.8995623986415863,0.19520479845292127,0.2826519826572416,-0.18552425966102948,0.6635914392288221,0.419754224770787,-0.10588586910007837,0.6545068510005804,-0.17325843720230613,0.259694382252235,0.3389778841004022
/CHOCOLAT/DIVERS,0.5709685244095627,-0.2601325041902905,-0.41952720472937455,2.7351773346506736,1.8538734157857728,-0.6720741277950018,-0.4983157696618054,-0.6187999205990218,0.17093134732298282,-0.16407755890644335,0.0386867956375988,0.09979282481290777,-0.18552425966102948,-0.20893153401354467,-0.2258840923535542,-0.09746978301711848,0.3427249449788368,0.10902751701303343,-0.16015037969199275,0.13909169015752637
/BOULANGERIE/INGREDIENTS_DE_BOULANGERIE,0.8361197824520051,-0.25870544912129195,-0.25255880187297236,1.3056173152001531,0.7968259178531835,0.4182097581912534,-0.08762189649996793,0.4448496201787563,-0.10961034103739145,-0.16407755890644335,-0.22217654238793866,-0.20497243826098197,-0.18552425966102948,-0.20893153401354467,-0.2258840923535542,-0.10588586910007837,-0.1769115650574023,-0.17325843720230613,-0.16015037969199275,-0.19405196641393335
/GARNITURES_INGREDIENTS/LEGUMES_LEGUMES_AU_VINAIGRE,-1.3431378219508032,0.1429042122645931,-0.9166330506692549,-0.5434072380379397,-0.9391653889865046,-0.7651588615242939,-0.4684355203606334,-0.20169894517217396,-0.10961034103739145,-0.16407755890644335,-0.22217654238793866,-0.20497243826098197,-0.18552425966102948,-0.20893153401354467,-0.2258840923535542,-0.10588586910007837,-0.1769115650574023,-0.17325843720230613,-0.16015037969199275,-0.19405196641393335
/BOISSONS_CHAUDES_FROIDES/SIROP_SODA,-1.385211769907506,-0.3599593268056614,-1.1625921060868876,-0.11225702441412683,-0.7984646003059884,-0.8515544393143245,-0.4983157696618054,-0.7486382046765556,-0.10961034103739145,-0.16407755890644335,-0.22217654238793866,-0.20497243826098197,-0.18552425966102948,-0.20893153401354467,-0.08346387534083187,-0.10588586910007837,-0.1769115650574023,-0.17325843720230613,-0.16015037969199275,-0.19405196641393335
/CHOCOLAT/SPECIALITES,1.02066066249569,-0.23375819051739372,-0.2316502511383456,1.7338897750192617,1.5840700340744647,0.21002462180382395,1.6913913274020158,-0.27042184163532773,-0.10961034103739145,-0.16407755890644335,-0.22217654238793866,-0.20497243826098197,-0.18552425966102948,-0.20893153401354467,-0.2258840923535542,-0.10588586910007837,-0.1769115650574023,-0.17325843720230613,-0.16015037969199275,-0.19405196641393335
/POISSON_FRUITS_DE_MER/TRAITEUR,-0.6249172613609345,0.33772586075128375,1.2899305434364907,-0.6482646445420085,-1.0449573001349248,-0.1976793710763111,-0.48534145088629654,-0.5935980288930114,-0.10961034103739145,-0.16407755890644335,-0.22217654238793866,-0.20497243826098197,-0.18552425966102948,-0.20893153401354467,-0.2258840923535542,-0.10588586910007837,-0.1769115650574023,-0.17325843720230613,-0.16015037969199275,-0.19405196641393335
/PRODUITS_SURGELES/POISSON_FRUITS_DE_MER,-0.7185805069471849,-0.013536359594960424,0.8974663987888893,-0.6935847470931837,-0.9233191426277826,-0.3302757846486002,-0.49117049265500345,-0.6372827543641846,-0.10961034103739145,-0.16407755890644335,-0.22217654238793866,-0.20497243826098197,-0.18552425966102948,-0.20893153401354467,-0.2258840923535542,-0.10588586910007837,-0.1769115650574023,-0.17325843720230613,-0.16015037969199275,-0.19405196641393335
/BOISSONS_CHAUDES_FROIDES/BOISSONS_SUCREES,-1.4300607458789212,-0.3533174910551472,-1.1540666401531086,-0.3281388273171288,-0.9120999696717068,-0.8230456921165705,-0.4983157696618054,-0.7697396219023909,-0.10961034103739145,-0.16407755890644335,-0.22217654238793866,-0.20497243826098197,-0.18552425966102948,-0.20893153401354467,-0.05890866551105218,-0.10588586910007837,-0.1769115650574023,-0.17325843720230613,-0.16015037969199275,-0.19405196641393335
/BOISSONS_CHAUDES_FROIDES/JUS_DE_FRUITS_DE_LEGUMES,-1.3690737760099647,-0.3392493368623483,-1.0984940306762103,-0.16250770073149853,-0.807056450906369,-0.8288924435486681,-0.49343434279577236,-0.6857700293683389,-0.056279643844132185,-0.013633434783666869,-0.08787066538469161,-0.0872908020245295,-0.07078636788288377,-0.20893153401354467,0.5731732308201354,-0.10267180510800034,-0.05000363851389835,-0.08731494124070523,-0.08592040056465403,-0.05947512296724468
/GARNITURES_INGREDIENTS/LEGUMES_A_SALADE,-1.219227844554398,-0.17457736104994503,-0.6330509345768276,-0.619006709390737,-0.7946070980267803,-0.7936764653786212,-0.4983157696618054,0.13099761487705625,-0.10961034103739145,-0.16407755890644335,-0.22217654238793866,-0.20497243826098197,-0.18552425966102948,-0.20893153401354467,-0.2258840923535542,-0.10588586910007837,-0.1769115650574023,-0.17325843720230613,-0.16015037969199275,-0.19405196641393335
/BOISSONS_CHAUDES_FROIDES/EAU_AROMATISEE,-1.539302350210356,-0.3595820938506963,-1.1628899286088514,-0.5335699234701881,-1.0418221668562255,-0.8520905146737856,-0.49312604215160183,-0.7789584770843194,-0.10961034103739145,-0.16407755890644335,-0.22217654238793866,-0.20497243826098197,-0.18552425966102948,-0.20893153401354467,-0.2258840923535542,-0.10588586910007837,-0.1769115650574023,-0.17325843720230613,-0.16015037969199275,-0.19405196641393335
/GARNITURES_INGREDIENTS/GARNITURES_MOULUES_CEREALES,0.38637941528717357,-0.3525197199216658,0.1504997567771298,-0.6869610397972428,1.4735997670868901,-0.7688429538882501,-0.4161450840835823,0.18919340231489698,-0.10961034103739145,-0.16407755890644335,-0.22217654238793866,-0.20497243826098197,-0.18552425966102948,-0.20893153401354467,-0.2258840923535542,-0.10588586910007837,-0.1769115650574023,-0.17325843720230613,-0.16015037969199275,-0.19405196641393335
/POISSON_FRUITS_DE_MER/FRUITS_DE_MER_CREVETTES,-1.1626556179313887,0.16365593168824383,0.8288096417372716,-0.7206315518849428,-1.1473716539057703,-0.7289319532787251,-0.4983157696618054,-0.6732079649751758,-0.10961034103739145,-0.16407755890644335,-0.22217654238793866,-0.20497243826098197,-0.18552425966102948,-0.20893153401354467,-0.2258840923535542,-0.10588586910007837,-0.1769115650574023,-0.17325843720230613,-0.16015037969199275,-0.19405196641393335
/VIANDE/PRODUITS_DE_CHARCUTERIE,-0.24789964278195162,0.3029822280889267,1.0754677817227776,-0.6842011617572674,-1.077020344212198,0.47760829591691506,-0.08746234177068986,-0.628056060928575,-0.10961034103739145,-0.16407755890644335,-0.22217654238793866,-0.20497243826098197,-0.18552425966102948,-0.20893153401354467,-0.2258840923535542,-0.10588586910007837,-0.1769115650574023,-0.17325843720230613,-0.16015037969199275,-0.19405196641393335
/GARNITURES_INGREDIENTS/ANTIPASTI,-0.758636808447662,0.16935798071906688,-0.8273876509290446,-0.38829205627117597,-0.8572522515773104,-0.06172049833375688,-0.4983157696618054,0.20273897352887735,-0.10961034103739145,-0.16407755890644335,-0.22217654238793866,-0.20497243826098197,-0.18552425966102948,-0.20893153401354467,-0.2258840923535542,-0.10588586910007837,-0.1769115650574023,-0.17325843720230613,-0.16015037969199275,-0.19405196641393335
/BOISSONS_CHAUDES_FROIDES/THE_GLACE,-1.490079723825845,-0.3551545806930809,-1.112081597273679,-0.39344801024585724,-0.9589978915754136,-0.8417572819248822,-0.4983157696618054,-0.7691557610742021,-0.10961034103739145,-0.16407755890644335,-0.22217654238793866,-0.20497243826098197,-0.18552425966102948,-0.20893153401354467,-0.04934236501486716,-0.10588586910007837,-0.1769115650574023,-0.17325843720230613,-0.16015037969199275,-0.19405196641393335
/BOISSONS_CHAUDES_FROIDES/CAFE,-0.15561355289306975,-0.2560366880968387,-0.5031443141844611,0.15351381930993713,0.625275945088482,-0.6239353209059747,-0.4983157696618054,0.08985921341237561,-0.10961034103739145,-0.16407755890644335,-0.22217654238793866,-0.20497243826098197,-0.18552425966102948,-0.20893153401354467,-0.2258840923535542,-0.10588586910007837,-0.1769115650574023,-0.17325843720230613,-0.16015037969199275,-0.19405196641393335
/PETIT_DEJEUNER/CONFITURES,-0.1600046016552672,-0.3425586609077793,-1.0883407513000742,2.757366754092076,1.0942846763789658,-0.8287094548025377,-0.4942072353828943,-0.39157296348450404,-0.10961034103739145,-0.16407755890644335,-0.22217654238793866,-0.20497243826098197,-0.18552425966102948,-0.20893153401354467,0.7829257781532288,-0.10588586910007837,-0.1769115650574023,-0.17325843720230613,-0.16015037969199275,-0.19405196641393335
/GARNITURES_INGREDIENTS/VIANDE_EN_CONSERVE,-0.5912743655655951,-0.06294209465345697,0.3455138487031706,-0.6484607411395856,-0.9158627819822742,-0.0779221317979732,-0.3134317271108034,-0.5414208450391599,-0.10961034103739145,-0.16407755890644335,-0.22217654238793866,-0.20497243826098197,-0.18552425966102948,-0.20893153401354467,-0.2258840923535542,-0.10588586910007837,-0.1769115650574023,-0.17325843720230613,-0.16015037969199275,-0.19405196641393335
/PRODUITS_LAITIERS_OEUFS/LAIT_BOISSONS_LACTEES,-1.242673501830263,-0.3268678789840377,-0.7512304749804096,-0.27568110914532734,-0.8754979410190201,-0.7047268201155396,-0.43863390329446444,-0.7058836850088999,-0.10961034103739145,-0.025374509931077628,-0.0825917737953265,-0.17289188425320412,-0.025794360275235625,0.12687500503039256,-0.1462412078398608,-0.09598273021298648,-0.1769115650574023,-0.14725841510352486,-0.028948891584421554,-0.15197066242595947
/BOULANGERIE/BOULANGERIE_PATISSERIE,0.904075318961764,-0.18654316425012418,-0.26620148461062915,1.2200583617841374,0.8886697953737679,0.48462561470540294,0.8640406581697958,-0.23514234898019706,-0.10961034103739145,-0.16407755890644335,-0.22217654238793866,-0.20497243826098197,-0.18552425966102948,-0.20893153401354467,-0.2258840923535542,-0.10588586910007837,-0.1769115650574023,-0.17325843720230613,-0.16015037969199275,-0.19405196641393335
/BOULANGERIE/PRODUITS_FRAIS_DE_BOULANGERIE_REFRIGERES,0.3432326719625016,0.11088860909972631,0.2973734674048629,-0.40093731565433605,0.6713365238748068,-0.18831930865879565,0.8462954488909362,0.06358901469435335,-0.10961034103739145,-0.16407755890644335,-0.22217654238793866,-0.20497243826098197,-0.18552425966102948,-0.20893153401354467,-0.2258840923535542,-0.10588586910007837,-0.1769115650574023,-0.17325843720230613,-0.16015037969199275,-0.19405196641393335
/APERITIF/SNACKS,1.225334249876653,0.3806142235003772,-0.15412304610497007,-0.50315316233488,1.2805188003366472,0.6869875452684232,0.17959238635853522,0.109048772632181,-0.10961034103739145,-0.16407755890644335,-0.11348348487729804,-0.20497243826098197,-0.18552425966102948,-0.20893153401354467,-0.2258840923535542,-0.10588586910007837,-0.1769115650574023,-0.17325843720230613,-0.16015037969199275,-0.19405196641393335
/APERITIF/BISCUITS_APERITIFS,1.0623590043308813,0.5797154426372935,0.47099089999829746,-0.4283420682646132,1.209083407200919,0.24534673954927944,0.2247862634265579,0.3914739324436678,-0.10961034103739145,-0.16407755890644335,-0.22217654238793866,-0.20497243826098197,-0.18552425966102948,-0.20893153401354467,-0.2258840923535542,-0.10588586910007837,-0.1769115650574023,-0.17325843720230613,-0.16015037969199275,-0.19405196641393335
/APERITIF/CHIPS,1.684964480058286,0.03245989200707233,-0.2691058929889112,-0.5091992207387331,1.0061514790375015,1.3513664809962833,0.3386786555303276,0.5533487586721324,-0.10961034103739145,-0.16407755890644335,1.901129697354808,-0.20497243826098197,-0.18552425966102948,-0.20893153401354467,-0.2258840923535542,-0.10588586910007837,-0.1769115650574023,-0.17325843720230613,-0.16015037969199275,-0.19405196641393335
/GARNITURES_INGREDIENTS/PATES,0.5628746962541589,-0.27944532152023055,0.8938073948415604,-0.5647804930545474,1.5817058632872851,-0.6837437392829926,-0.4983157696618054,-0.06487758207705585,-0.10961034103739145,-0.16407755890644335,-0.22217654238793866,-0.20497243826098197,-0.18552425966102948,-0.20893153401354467,-0.2258840923535542,-0.10588586910007837,-0.1769115650574023,-0.17325843720230613,-0.16015037969199275,-0.19405196641393335
/GARNITURES_INGREDIENTS/POMMES_DE_TERRE_SPAETZLI,-0.9216663971896812,-0.08894795625100138,-0.8073560201665853,-0.7064641779464024,-0.5843329482641043,-0.5322423554030661,-0.15867693593848325,-0.3225281768799105,-0.10961034103739145,-0.16407755890644335,-0.22217654238793866,-0.20497243826098197,-0.18552425966102948,-0.20893153401354467,-0.2258840923535542,-0.10588586910007837,-0.1769115650574023,-0.17325843720230613,-0.16015037969199275,-0.19405196641393335
/PRODUITS_SURGELES/APERITIF_DESSERT,0.3122370774465536,0.0014762087383239832,-0.16180127530129307,-0.5203000175122757,-0.27894903532274534,0.11494307449736053,-0.08481167449397299,-0.28883417536556544,-0.10961034103739145,-0.16407755890644335,-0.22217654238793866,-0.20497243826098197,-0.18552425966102948,-0.20893153401354467,-0.2258840923535542,-0.10588586910007837,-0.1769115650574023,-0.17325843720230613,-0.16015037969199275,-0.19405196641393335
/CHOCOLAT/BLEVITA,1.2587203282565411,0.07197134549591258,0.4615082648388546,-0.20465701965576122,1.1182486261529323,0.4359916969907438,0.49868854868730156,1.4323758270646354,-0.10961034103739145,1.4538932759880467,-0.22217654238793866,1.3075662747723966,-0.18552425966102948,-0.20893153401354467,-0.2258840923535542,-0.05066921966690236,-0.1769115650574023,1.5622774294549664,1.5614352843650257,-0.07560088852185877
/APERITIF/NOIX_GRILLEES,2.1692933445048004,-0.03577557007013034,1.6266366072540266,-0.26886460654133076,-0.48727376467742517,2.686389126852446,0.5325528312286298,1.3212747783196668,-0.10961034103739145,-0.16407755890644335,-0.22217654238793866,-0.20497243826098197,-0.18552425966102948,-0.20893153401354467,-0.2258840923535542,-0.10588586910007837,-0.1769115650574023,-0.17325843720230613,-0.16015037969199275,-0.19405196641393335
/PRODUITS_SURGELES/LEGUMES_POMMES_DE_TERRE,-1.0719191676951763,-0.2495783719853469,-0.7192168448117644,-0.6125862693028196,-0.7534238820297428,-0.6221809912088527,-0.49127256804081487,0.019293237659545413,-0.10961034103739145,-0.16407755890644335,-0.22217654238793866,-0.20497243826098197,-0.18552425966102948,-0.20893153401354467,-0.2258840923535542,-0.10588586910007837,-0.1769115650574023,-0.17325843720230613,-0.16015037969199275,-0.19405196641393335
/PRODUITS_SURGELES/FRUITS,-1.1101746495928362,-0.273173993927181,-0.9643950359573574,-0.18650315521503408,-0.7532217371472956,-0.7070320708929858,-0.33397439850535926,0.7039251084461446,-0.10961034103739145,-0.16407755890644335,-0.22217654238793866,-0.20497243826098197,-0.18552425966102948,-0.20893153401354467,-0.2258840923535542,-0.10588586910007837,-0.1769115650574023,-0.17325843720230613,-0.16015037969199275,-0.19405196641393335
/PRODUITS_LAITIERS_OEUFS/BIRCHERMUEESLI,-0.7925724492648197,-0.32910392840984354,-0.6107769570872275,0.16207780450064876,-0.43411736699699066,-0.5493603603264986,-0.2383576007416087,-0.4536055225667088,-0.02799821351437348,-0.07774314676780457,-0.2150620877145149,-0.10523107943679987,-0.18552425966102948,-0.20893153401354467,-0.09749010883450908,-0.10369987271489398,-0.1769115650574023,-0.0962713587799408,-0.023837145294516176,-0.04868018900093275
/GARNITURES_INGREDIENTS/INGREDIENTS_DE_CUISSON,2.450583689288966,-0.30923420229212384,-1.0795605171880096,-0.41688471650468084,-0.9798382454076443,4.165780891200891,-0.4983157696618054,-0.7249141776737023,-0.10961034103739145,-0.16407755890644335,6.07500833790595,-0.20497243826098197,-0.18552425966102948,-0.20893153401354467,-0.2258840923535542,-0.10588586910007837,-0.1769115650574023,-0.17325843720230613,-0.16015037969199275,-0.19405196641393335
/GARNITURES_INGREDIENTS/POISSON_EN_CONSERVE,-0.4868567561528427,0.26988086275047307,1.6080596270607126,-0.6829486017237401,-1.1134271140611083,0.09200662848950453,-0.3086911106351367,-0.6818910234456759,-0.10961034103739145,-0.16407755890644335,-0.22217654238793866,-0.20497243826098197,-0.18552425966102948,-0.20893153401354467,-0.2258840923535542,-0.10588586910007837,-0.1769115650574023,-0.17325843720230613,-0.16015037969199275,-0.19405196641393335
/GARNITURES_INGREDIENTS/GARNITURES_BIO,0.30029972156436324,-0.24537967512234216,1.2724501195623659,-0.6080927110641778,0.7750466504532181,-0.4711454437961653,0.05914544887027012,1.0233485784688408,-0.10961034103739145,-0.16407755890644335,-0.22217654238793866,-0.20497243826098197,-0.18552425966102948,-0.20893153401354467,-0.2258840923535542,-0.10588586910007837,-0.1769115650574023,-0.17325843720230613,-0.16015037969199275,-0.19405196641393335
/GARNITURES_INGREDIENTS/CHAMPIGNONS,0.08056289701943388,-0.2582155741238394,2.1396214713745323,-0.4816261136230718,-0.36556001903510554,-0.2916652762710721,0.41025723944597586,6.393065018317828,-0.10961034103739145,-0.16407755890644335,-0.22217654238793866,-0.20497243826098197,-0.18552425966102948,-0.20893153401354467,-0.2258840923535542,-0.10588586910007837,-0.1769115650574023,-0.17325843720230613,-0.16015037969199275,-0.19405196641393335
/PRODUITS_LAITIERS_OEUFS/CREME,-0.038395661725357626,-0.3223219831216732,-0.7773243097894026,-0.5114327964548063,-1.0334978474610583,1.0130297194785431,-0.264778031702645,-0.7433122370475294,-0.10961034103739145,-0.16407755890644335,-0.22217654238793866,-0.20497243826098197,-0.18552425966102948,-0.20893153401354467,-0.2258840923535542,-0.10588586910007837,-0.1769115650574023,-0.17325843720230613,-0.16015037969199275,-0.19405196641393335
/PRODUITS_SURGELES/VIANDE,-0.4377329642652853,-0.057718150845379075,1.3182064224975552,-0.6669084464766543,-0.9555756425837205,-0.050865501405836205,-0.2686881003747162,-0.6331897705667502,-0.10961034103739145,-0.16407755890644335,-0.22217654238793866,-0.20497243826098197,-0.18552425966102948,-0.20893153401354467,-0.2258840923535542,-0.10588586910007837,-0.1769115650574023,-0.17325843720230613,-0.16015037969199275,-0.19405196641393335
/BOULANGERIE/PAINS_DE_MIE,0.05031499512955967,0.09424984307535761,0.2812285709694482,-0.5566947963104032,0.5869336254501357,-0.5134125499872901,-0.4983157696618054,0.3336794952640193,-0.10961034103739145,-0.16407755890644335,-0.22217654238793866,0.2826519826572416,-0.18552425966102948,-0.20893153401354467,-0.2258840923535542,-0.10588586910007837,-0.1769115650574023,-0.17325843720230613,-0.16015037969199275,-0.19405196641393335
/PRODUITS_LAITIERS_OEUFS/DESSERT,-0.44436771025627075,-0.30544109261916835,-0.6486726167759097,0.40878939573128215,-0.3222292853621787,-0.1479856740767821,-0.28701972103208884,-0.6145104897145948,-0.10961034103739145,-0.16407755890644335,-0.22217654238793866,-0.20497243826098197,-0.18552425966102948,-0.20893153401354467,-0.2258840923535542,-0.10588586910007837,-0.1769115650574023,-0.17325843720230613,-0.16015037969199275,-0.19405196641393335
/CHOCOLAT/JOURS_DE_FETES_EVENEMENTS,1.2123767338200946,-0.28747478017181144,-0.1107027080144181,1.6742764093557927,1.2089574882530096,0.5766553308513224,0.9807565707462105,0.87674791359003,-0.10961034103739145,-0.16407755890644335,-0.22217654238793866,-0.20497243826098197,-0.18552425966102948,-0.20893153401354467,-0.2258840923535542,-0.10588586910007837,-0.1769115650574023,-0.17325843720230613,-0.16015037969199275,-0.19405196641393335
/APERITIF/POPCORN,1.087254282776228,0.08396745957715214,-0.16028949960460778,0.3772479324172775,1.3921223378554044,0.25042260013961903,0.9807565707462105,0.8935631054418676,-0.10961034103739145,-0.16407755890644335,-0.22217654238793866,-0.20497243826098197,-0.18552425966102948,-0.20893153401354467,-0.2258840923535542,-0.10588586910007837,-0.1769115650574023,-0.17325843720230613,-0.16015037969199275,-0.19405196641393335
/GARNITURES_INGREDIENTS/RIZ,0.6653961763935499,-0.3554759051773998,-0.13315710420620208,-0.7220114909049306,1.8611310691458887,-0.7851143618290565,-0.28878052143733646,-0.32328070861402053,-0.10961034103739145,-0.04536774221581505,-0.22217654238793866,-0.20497243826098197,-0.18552425966102948,-0.20893153401354467,-0.2258840923535542,-0.10588586910007837,-0.1769115650574023,-0.07916311913052629,-0.16015037969199275,-0.19405196641393335
/VIANDE/SALAMI_LARD,1.1419529952607,0.8859933724371708,2.7083446684268275,-0.7101440153330363,-1.1549031809775885,1.8566868708245015,0.9807565707462105,-0.6641775841658555,-0.10961034103739145,-0.16407755890644335,-0.22217654238793866,-0.20497243826098197,-0.18552425966102948,-0.20893153401354467,-0.2258840923535542,-0.10588586910007837,-0.1769115650574023,-0.17325843720230613,-0.16015037969199275,-0.19405196641393335
/PRODUITS_SURGELES/PIZZA,-0.21979164028369272,0.04762566040068257,0.2682790186202088,-0.5449653146405076,-0.10322812804009467,-0.25821240185907735,-0.06691967037613411,-0.2908277775805263,-0.10961034103739145,-0.16407755890644335,-0.22217654238793866,-0.20497243826098197,-0.18552425966102948,-0.20893153401354467,-0.2258840923535542,-0.10588586910007837,-0.1769115650574023,-0.17325843720230613,-0.16015037969199275,-0.19405196641393335
/PLATS_CUISINES/PLATS_CUISINES,-0.09844879920817351,0.18821940337840112,0.03429636638395812,-0.48923111088878185,0.45973450157054274,-0.46511000565986504,-0.4435353126096567,-0.17904545957626833,-0.10961034103739145,-0.16407755890644335,-0.22217654238793866,-0.20497243826098197,-0.18552425966102948,-0.20893153401354467,-0.2258840923535542,-0.10588586910007837,-0.1769115650574023,-0.17325843720230613,-0.16015037969199275,-0.19405196641393335
/BOULANGERIE/PAINS,0.07576585559779171,0.11825525378078319,0.41954686639208955,-0.5473536706366402,0.6242225846588569,-0.4600404426633099,-0.2897286447324698,0.22462028087453761,-0.10961034103739145,-0.16407755890644335,-0.22217654238793866,-0.1346419929362382,-0.18552425966102948,-0.20893153401354467,-0.2258840923535542,-0.10588586910007837,-0.1769115650574023,-0.17325843720230613,-0.16015037969199275,-0.19405196641393335
/BOULANGERIE/PETITS_PAINS,0.45113415847909705,0.05106383238289502,0.21216429177350649,-0.14602494396206134,0.8808914093441228,-0.19985535545502192,-0.4983157696618054,0.05674781711153512,-0.10961034103739145,-0.16407755890644335,-0.22217654238793866,-0.20497243826098197,-0.18552425966102948,-0.20893153401354467,-0.2258840923535542,-0.10588586910007837,-0.1769115650574023,-0.17325843720230613,-0.16015037969199275,-0.19405196641393335
/PRODUITS_LAITIERS_OEUFS/SERE,-0.8310097567209883,-0.3340114296248961,-0.577141756180113,0.4307895663928006,-0.46679548032512663,-0.5628407892037018,-0.4983157696618054,-0.6607911913623605,-0.10961034103739145,-0.16407755890644335,-0.22217654238793866,-0.20497243826098197,-0.18552425966102948,0.6090587534011742,-0.2258840923535542,-0.10588586910007837,-0.1769115650574023,-0.17325843720230613,-0.16015037969199275,-0.19405196641393335
/CHOCOLAT/BISCUITS_POUR_ENFANTS,1.5361358555171045,-0.2327299521675732,-0.18742189500301334,1.3833154739229823,1.407641848185211,0.8840864867400773,1.4628245928051193,-0.2803863997697499,-0.10961034103739145,-0.16407755890644335,-0.22217654238793866,-0.20497243826098197,-0.18552425966102948,-0.20893153401354467,-0.2258840923535542,-0.10588586910007837,-0.1769115650574023,-0.17325843720230613,-0.16015037969199275,-0.19405196641393335
/GARNITURES_INGREDIENTS/CHAMPIGNONS_OLIVES_EN_CONSERVE,-0.9902793926325086,0.4180122473527208,-0.9003434867030568,-0.7314039790732341,-1.1587462475772845,-0.23136160771451808,-0.46650776234120295,-0.1236655973370328,-0.10961034103739145,-0.16407755890644335,-0.22217654238793866,-0.20497243826098197,-0.18552425966102948,-0.20893153401354467,-0.2258840923535542,-0.10588586910007837,-0.1769115650574023,-0.17325843720230613,-0.16015037969199275,-0.19405196641393335
/GARNITURES_INGREDIENTS/FRUITS_EN_CONSERVE,-1.147805196826041,-0.3562213779810197,-1.0687807607992237,0.31189402043065956,-0.4770657445139693,-0.8281322803321844,-0.44901335831487155,-0.4474484447421723,-0.10961034103739145,-0.16407755890644335,-0.22217654238793866,-0.20497243826098197,-0.18552425966102948,-0.20893153401354467,-0.2258840923535542,-0.10588586910007837,-0.1769115650574023,-0.17325843720230613,-0.16015037969199275,-0.19405196641393335
/PRODUITS_LAITIERS_OEUFS/OEUFS,-0.6489346552754622,-0.2838848100711449,0.7548121997416197,-0.7200795762769477,-1.1549031809775885,-0.04430478897687325,-0.4983157696618054,-0.7860877250916773,-0.10961034103739145,-0.16407755890644335,-0.22217654238793866,-0.20497243826098197,-0.18552425966102948,-0.20893153401354467,-0.2258840923535542,-0.10588586910007837,-0.1769115650574023,-0.17325843720230613,-0.16015037969199275,-0.19405196641393335
/VIANDE/SAUCISSES,0.17541608017296814,0.3319785495538657,1.2047166470751827,-0.6988837129299366,-1.1565464232478033,0.7897737222228,0.40884859912177773,-0.6614684699230595,-0.10961034103739145,-0.16407755890644335,-0.22217654238793866,-0.20497243826098197,-0.18552425966102948,-0.20893153401354467,-0.2258840923535542,-0.10588586910007837,-0.1769115650574023,-0.17325843720230613,-0.16015037969199275,-0.19405196641393335
/BOULANGERIE/PRODUITS_SANS_GLUTEN,0.0008982381681936411,0.05620502413199782,-0.6141404771779388,-0.6306595277817443,0.6526633162587291,-0.4495549490120501,-0.2518037129271361,0.7039251084461446,-0.10961034103739145,-0.16407755890644335,-0.22217654238793866,-0.20497243826098197,-0.18552425966102948,-0.20893153401354467,-0.2258840923535542,-0.10588586910007837,-0.1769115650574023,-0.17325843720230613,-0.16015037969199275,-0.19405196641393335
/FRUITS_ET_LEGUMES/FRUITS,0.335337441241775,-0.3602315075453198,0.7178134787437938,-0.45513128443930784,-0.8262547269346217,0.9504001492912881,-0.4983157696618054,-0.5151763008120733,-0.10961034103739145,-0.16407755890644335,-0.22217654238793866,-0.20497243826098197,-0.18552425966102948,-0.20893153401354467,2.800545519166795,-0.10588586910007837,-0.1769115650574023,-0.17325843720230613,-0.16015037969199275,-0.19405196641393335
/VIANDE/VIANDE_SECHEE_JAMBON,-0.1684435776412735,0.8659427246156702,3.277067865479123,-0.687670722721808,-1.1387641943951214,0.0243772186654523,0.10035636812239146,-0.6554697169568683,-0.10961034103739145,-0.16407755890644335,-0.22217654238793866,-0.20497243826098197,-0.18552425966102948,-0.20893153401354467,-0.2258840923535542,-0.10588586910007837,-0.1769115650574023,-0.17325843720230613,-0.16015037969199275,-0.19405196641393335
/VIANDE/VOLAILLE,-0.5181554680447147,0.14360528386674343,0.45882243175901244,-0.6924807958771937,-0.6140026003652056,0.004816442542542088,-0.4983157696618054,-0.4429332543375123,-0.10961034103739145,-0.16407755890644335,-0.22217654238793866,-0.20497243826098197,-0.18552425966102948,-0.20893153401354467,-0.2258840923535542,-0.10588586910007837,-0.1769115650574023,-0.17325843720230613,-0.16015037969199275,-0.19405196641393335
/GARNITURES_INGREDIENTS/LEGUMINEUSES_HARICOTS_VERTS_SECHES,0.343608635330155,-0.32233357979479144,2.2347610396546562,-0.48351860142191216,0.5118139788117433,-0.7442823381285424,-0.42788375345189994,3.858108119701534,-0.10961034103739145,-0.16407755890644335,-0.22217654238793866,-0.20497243826098197,-0.18552425966102948,-0.20893153401354467,-0.2258840923535542,-0.10588586910007837,-0.1769115650574023,-0.17325843720230613,-0.16015037969199275,-0.19405196641393335
/GARNITURES_INGREDIENTS/LEGUMINEUSES_FARCE_POUR_VOL_AU_VENT,-0.8586892351834183,-0.05124588342424839,-0.39214815119098345,-0.6698497959493952,-0.8741826264825543,-0.32061171627358476,-0.45723042687269383,-0.05914206994140654,-0.10961034103739145,-0.16407755890644335,-0.22217654238793866,-0.20497243826098197,-0.18552425966102948,-0.20893153401354467,-0.2258840923535542,-0.10588586910007837,-0.1769115650574023,-0.17325843720230613,-0.16015037969199275,-0.19405196641393335
/VIANDE/GIBIER,-0.9049063460105952,-0.037570313371635314,3.829138597124142e-05,-0.20740463157111452,-0.604417020455619,-0.685336860305244,-0.34054805335161703,-0.20633727713332475,-0.10961034103739145,-0.16407755890644335,-0.22217654238793866,-0.20497243826098197,-0.18552425966102948,-0.20893153401354467,-0.2258840923535542,-0.10588586910007837,-0.1769115650574023,-0.17325843720230613,-0.16015037969199275,-0.19405196641393335
/PRODUITS_LAITIERS_OEUFS/BEURRE,2.5699262850634597,-0.33795300996587485,-1.0910128811499173,-0.7274392510502156,-1.1729332003313346,4.835070875285055,-0.4983157696618054,-0.7860877250916773,-0.10961034103739145,-0.16407755890644335,0.06767161097376963,-0.20497243826098197,2.927160959139056,1.2452734213903998,-0.2258840923535542,-0.10588586910007837,-0.1769115650574023,-0.17325843720230613,-0.16015037969199275,-0.19405196641393335
/BOULANGERIE/PRODUITS_FRAIS_DE_BOULANGERIE_NON_REFRIGERES,0.22064882656174797,0.06041145374489989,0.14937858341355928,-0.500895080302173,0.701213656060531,-0.33769250814283597,-0.4534953957100473,0.002018236448988866,-0.10961034103739145,-0.16407755890644335,-0.22217654238793866,-0.20497243826098197,-0.18552425966102948,-0.20893153401354467,-0.2258840923535542,-0.10588586910007837,-0.1769115650574023,-0.17325843720230613,-0.16015037969199275,-0.19405196641393335
/BOULANGERIE/PAINS_LONGUE_CONSERVATION,0.6263528753513606,0.07162859937930575,0.17974636480398293,-0.6491112838204371,0.288802527854016,0.480941522341447,1.4737806842155492,0.7851985357300258,-0.10961034103739145,-0.16407755890644335,-0.22217654238793866,-0.20497243826098197,-0.18552425966102948,-0.20893153401354467,-0.2258840923535542,-0.10588586910007837,-0.1769115650574023,-0.17325843720230613,-0.16015037969199275,-0.19405196641393335
/BOISSONS_CHAUDES_FROIDES/BOISSONS_FAIBLES_EN_CALORIES,0.6815086801407167,0.0944554907453217,3.8923037403572573,0.8431153455651278,0.3938526586998929,-0.4097667514813237,-0.3997109469679377,1.2186568145773924,9.989890439936083,9.617611336401328,6.438534021864117,7.901783559504486,8.638938335637214,8.34179360376165,7.864771069110845,0.20430701795758624,9.107260747590072,9.283321029011569,9.586245879727581,7.908001761403967
/BOULANGERIE/PAINS_BIO_LONGUE_CONSERVATION,-0.1905363723773415,0.03240865089329388,-0.26846671242682246,-0.5478631865824819,0.4454974157637875,-0.652706327938775,-0.4983157696618054,1.4779577492450136,-0.10961034103739145,-0.16407755890644335,-0.22217654238793866,0.6222475615110045,-0.18552425966102948,-0.20893153401354467,-0.2258840923535542,-0.10588586910007837,-0.1769115650574023,-0.17325843720230613,-0.16015037969199275,-0.19405196641393335
/PETIT_DEJEUNER/MIEL,0.5189361837035816,-0.347699852656882,-1.0951238501496756,4.678241869914966,2.1726624162074506,-0.8225693008626106,-0.4983157696618054,-0.7860877250916773,-0.10961034103739145,-0.16407755890644335,-0.22217654238793866,-0.20497243826098197,-0.18552425966102948,-0.20893153401354467,-0.2258840923535542,-0.10588586910007837,-0.1769115650574023,-0.17325843720230613,-0.16015037969199275,-0.19405196641393335
/PLATS_CUISINES/CONVENIENCE,-0.5757998864939957,0.06545916928038252,1.6723804804877023,-0.6869610397972428,-1.1179302298977547,-0.17693211407929482,-0.4983157696618054,-0.6506320129518753,-0.10961034103739145,-0.16407755890644335,-0.22217654238793866,-0.20497243826098197,-0.18552425966102948,-0.20893153401354467,-0.2258840923535542,-0.10588586910007837,-0.1769115650574023,-0.17325843720230613,-0.16015037969199275,-0.19405196641393335
/BOISSONS_CHAUDES_FROIDES/THE,-1.2501198676993033,-0.3249776212657585,-1.0422685344384959,-0.10407479775443504,-0.6155675930035053,-0.854805109047227,-0.4983157696618054,-0.7860877250916773,-0.10961034103739145,-0.16407755890644335,-0.22217654238793866,-0.20497243826098197,-0.18552425966102948,-0.20893153401354467,-0.2258840923535542,-0.10588586910007837,-0.1769115650574023,-0.17325843720230613,-0.16015037969199275,-0.19405196641393335
/PRODUITS_LAITIERS_OEUFS/MARGARINE,1.9077349700433057,-0.28619834635824115,-1.1395223153470668,-0.4644044746536252,-0.9063627876075947,3.2713783385836646,3.840296428868375,-0.6912687265938159,-0.10961034103739145,-0.16407755890644335,3.5342555251798013,-0.20497243826098197,2.6158924372590473,3.7174218455771055,-0.2258840923535542,9.993417430451792,-0.1769115650574023,-0.17325843720230613,-0.16015037969199275,0.6054928093575699
/GARNITURES_INGREDIENTS/DIVERS,-0.17432047870406997,0.47264155580931533,-0.6178403492777214,-0.210054114489491,-0.7872277230170193,0.56541249725787,-0.4983157696618054,-0.3119927326023703,-0.10961034103739145,-0.16407755890644335,-0.22217654238793866,-0.20497243826098197,-0.18552425966102948,-0.20893153401354467,-0.2258840923535542,-0.10588586910007837,-0.1769115650574023,-0.17325843720230613,-0.16015037969199275,-0.19405196641393335
/BOISSONS_CHAUDES_FROIDES/BOISSONS_DAPERITIF,-1.3902621917467652,-0.3387927379515616,-1.136488420225245,-0.16799357316026567,-0.8217358106915308,-0.8430160134825673,-0.4687343228536451,-0.7793149394846872,-0.10961034103739145,-0.16407755890644335,-0.22217654238793866,-0.08306633303142608,-0.18552425966102948,-0.20893153401354467,-0.2258840923535542,-0.10588586910007837,-0.1769115650574023,-0.17325843720230613,-0.16015037969199275,-0.12475808584706971
/PRODUITS_LAITIERS_OEUFS/DIVERS,-1.1243106523549948,-0.3330860151100576,0.029637268184231864,-0.15706445612196296,-0.8016060928813991,-0.7825968987136863,-0.4785948051230319,-0.6777231553798357,-0.10961034103739145,-0.16407755890644335,-0.22217654238793866,-0.20497243826098197,-0.18552425966102948,-0.20893153401354467,-0.2258840923535542,-0.10588586910007837,-0.1769115650574023,-0.17325843720230613,-0.16015037969199275,-0.19405196641393335
/PETIT_DEJEUNER/PATES_A_TARTINER,1.1976010533014696,-0.2850119174930636,-0.35173416363951204,2.2702695098674917,1.0464094448525145,1.1085327292210982,-0.4983157696618054,-0.5005887625816331,-0.10961034103739145,-0.16407755890644335,-0.22217654238793866,-0.20497243826098197,-0.18552425966102948,-0.20893153401354467,-0.2258840923535542,-0.10588586910007837,-0.1769115650574023,-0.17325843720230613,-0.16015037969199275,-0.19405196641393335
/FRUITS_ET_LEGUMES/LEGUMES,-1.2156119101767293,-0.3009100642864427,-0.8867925903773021,-0.7124368370893236,-0.6673026381042252,-0.8196645357294914,-0.4983157696618054,-0.28594355719086995,-0.10961034103739145,-0.16407755890644335,-0.22217654238793866,-0.20497243826098197,-0.18552425966102948,-0.20893153401354467,-0.2258840923535542,-0.10588586910007837,-0.1769115650574023,-0.17325843720230613,-0.16015037969199275,-0.19405196641393335
/BOISSONS_CHAUDES_FROIDES/EAU_MINERALE,-1.6393013158578218,-0.3077913517044724,-1.1691212921453276,-0.7531981127566527,-1.1959842377329593,-0.854805109047227,-0.4983157696618054,-0.7860877250916773,-0.10961034103739145,-0.16407755890644335,-0.22217654238793866,-0.20497243826098197,-0.18552425966102948,-0.20893153401354467,-0.2258840923535542,-0.10588586910007837,-0.1769115650574023,-0.17325843720230613,-0.16015037969199275,-0.19405196641393335
/GARNITURES_INGREDIENTS/EPICES_HERBES,-0.41551285158128143,9.61368048571389,-0.11737098324712959,-0.5169525525347571,-0.439818919722433,-0.14156482738531573,-0.4983157696618054,-0.5747768141535863,-0.10961034103739145,-0.16407755890644335,-0.22217654238793866,-0.20497243826098197,-0.18552425966102948,-0.20893153401354467,-0.2258840923535542,-0.10588586910007837,-0.1769115650574023,-0.17325843720230613,-0.16015037969199275,-0.19405196641393335
/PRODUITS_SURGELES/BOULANGERIE_PATISSERIE,0.40009218443369854,-0.19725572909876468,-0.5031443141844611,0.04164676275626698,0.1802311635719643,0.4591878340971343,-0.4983157696618054,-0.2668408285557696,-0.10961034103739145,-0.16407755890644335,-0.22217654238793866,-0.20497243826098197,-0.18552425966102948,-0.20893153401354467,-0.2258840923535542,-0.10588586910007837,-0.1769115650574023,-0.17325843720230613,-0.16015037969199275,-0.19405196641393335
/VIANDE/BIO,-0.42038850283337925,0.00993429839007354,1.4947866196981379,-0.7200795762769477,-1.1549031809775885,0.10305890558137289,-0.4983157696618054,-0.7860877250916773,-0.10961034103739145,-0.16407755890644335,-0.22217654238793866,-0.20497243826098197,-0.18552425966102948,-0.20893153401354467,-0.2258840923535542,-0.10588586910007837,-0.1769115650574023,-0.17325843720230613,-0.16015037969199275,-0.19405196641393335
/VIANDE/ACCOMPAGNEMENTS,-1.099932396094506,-0.35097736239693494,-1.0951238501496756,0.37283212755331685,-0.41544415938091306,-0.8179641854076655,-0.4983157696618054,-0.6506320129518753,-0.10961034103739145,-0.16407755890644335,-0.22217654238793866,-0.20497243826098197,-0.18552425966102948,-0.20893153401354467,-0.2258840923535542,-0.10588586910007837,-0.1769115650574023,-0.17325843720230613,-0.16015037969199275,-0.19405196641393335
/BOULANGERIE/FARINES_SANS_GLUTEN,0.6568256956769717,0.04078144888468968,-0.2811519881975057,-0.48824982091901287,1.5975276216322587,-0.48639587265161166,-0.4983157696618054,1.3812036691451548,-0.10961034103739145,-0.16407755890644335,-0.22217654238793866,-0.20497243826098197,-0.18552425966102948,-0.20893153401354467,-0.2258840923535542,-0.10588586910007837,-0.1769115650574023,-0.17325843720230613,-0.16015037969199275,-0.19405196641393335
/CHOCOLAT/BISCUITS_POUR_ALLERGIQUES,1.5466320491848147,-0.3525197199216658,-0.2219540346009842,1.7638106597009264,0.8991496567909543,1.281968462047342,6.699836286990538,0.4330136841665407,-0.10961034103739145,-0.16407755890644335,-0.22217654238793866,-0.20497243826098197,-0.18552425966102948,-0.20893153401354467,-0.2258840923535542,-0.10588586910007837,-0.1769115650574023,-0.17325843720230613,-0.16015037969199275,-0.19405196641393335
MEAN,1075.9104660096468,1.1677950856698824,7.899741265475275,11.371246933242535,29.112791446792535,11.601298564204518,0.5053665287841909,2.9016411071700206,0.48838704542455447,0.017277168337944692,0.2555091229793914,3.3627920090631656,7.9470188008088,0.047891354249880204,1.1195573068693294,0.4403478507671538,0.05106787965449096,0.24550769829679495,0.021361279395794772,0.03640545951163657
STD,656.3225781629042,3.2417905186235414,6.756990329873574,15.09728548259974,24.342119677076273,13.571863856938599,1.0141491791985042,3.6912433746902957,4.455665777537821,0.10529878950598048,1.150027452192731,16.40606921395684,42.83546968643756,0.22922032557696864,4.956335327575863,4.1587027099051115,0.2886633196530765,1.417002844196999,0.13338263347784496,0.18760675392477022
