,category,Énergie (kJ),Sel (g),Protéines (g),Sucres (g),Glucides (g),Matières grasses (g),Acides gras saturés (g),Fibres alimentaires (g),Biotine (µg),Vitamine B1 (Thiamine) (mg),Vitamine E (Tocopherol) (mg),Acide folique (µg),Vitamine A (µg),Vitamine D (Cholacalciferol) (µg),Vitamine C (Acide ascorbique) (mg),Vitamine B6 (Pyridoxine) (mg),Vitamine B5 (acide pantothénique) (mg),Vitamine B3 (Niacine) (mg),Vitamine B2 (Riboflavine) (mg),Vitamine B12 (Cobalamine) (µg)
0,/CHOCOLAT/BONBONS_CHEWING_GUM,1168.258,0.10855172413793095,1.5857241379310343,31.875517241379303,77.12275862068967,1.4296551724137934,0.18000000000000002,2.9213793103448276,0.3448275862068966,0.007586206896551725,0.08275862068965517,0.0,0.0,0.0,23.23448275862069,0.009655172413793102,0.041379310344827586,0.1103448275862069,0.009655172413793102,0.017241379310344827
1,/PETIT_DEJEUNER/CACAO_CHOCOLATS_EN_POUDRE,1480.65,0.3205,8.334999999999999,55.5,64.7,4.994999999999999,0.23499999999999996,6.65,1.25,0.17350000000000004,1.8960000000000001,95.0,126.4,0.79,12.64,0.221,0.65,2.5300000000000002,0.256,0.3955
2,/BOISSONS_CHAUDES_FROIDES/BOISSONS_ENERGETIQUES,264.7916666666667,0.1591666666666667,5.295833333333333,6.370833333333334,6.795833333333333,0.6625,0.5666666666666667,1.75,0.3333333333333333,0.05833333333333333,0.5750000000000001,13.75,19.166666666666668,0.2333333333333333,3.8333333333333335,0.875,0.9375,3.8333333333333335,0.075,1.0583333333333333
3,/CHOCOLAT/CHOCOLAT,2250.6137184115523,0.1732490974729243,6.428086642599277,46.844404332129955,51.40361010830324,33.72418772563178,3.2061371841155237,2.9182671480144404,0.07220216606498195,0.003176895306859206,0.03537906137184116,1.7328519855595668,2.3104693140794224,0.01444043321299639,0.23104693140794225,0.00404332129963899,0.008664259927797834,0.04620938628158845,0.00404332129963899,0.007220216606498195
4,/CHOCOLAT/SAIN_BIO,1936.3461538461538,0.5546153846153845,8.476923076923075,25.780769230769234,55.81923076923077,22.93846153846154,2.6576923076923076,4.799999999999999,0.0,0.0,0.0,0.0,0.0,0.0,0.0,0.0,0.0,0.0,0.0,0.0
5,/GARNITURES_INGREDIENTS/TOMATES_EN_CONSERVE,253.42857142857142,0.23571428571428574,2.9857142857142853,10.228571428571428,10.62857142857143,0.6785714285714286,0.0,1.7571428571428573,0.0,0.0,0.0,0.0,0.0,0.0,0.0,0.0,0.0,0.0,0.0,0.0
6,/GARNITURES_INGREDIENTS/DU_MONDE_ENTIER,983.021855670103,3.2534020618556694,5.822731958762889,8.082371134020619,30.435721649484545,8.974123711340205,0.425257731958763,2.454123711340206,0.0,0.006185567010309278,0.0,0.6701030927835051,0.0,0.0,0.44948453608247424,0.015257731958762887,0.02628865979381443,0.0788659793814433,0.007216494845360824,0.007731958762886598
7,/CHOCOLAT/BISCUITS_GAUFRES,2066.705882352941,0.36343137254901947,6.653921568627451,32.338235294117645,60.911764705882355,24.63137254901961,2.3627450980392157,2.7137254901960786,0.0,0.0,0.0,0.0,0.0,0.0,0.0,0.0,0.0,0.0,0.0,0.0
8,/PRODUITS_SURGELES/PLATS_CUISINES,642.6785714285714,1.0546428571428572,5.946428571428571,2.3392857142857144,16.821428571428573,6.5,0.26785714285714285,1.8714285714285714,0.0,0.0,0.0,0.0,0.0,0.0,0.0,0.0,0.0,0.0,0.0,0.0
9,/PLATS_CUISINES/PIZZA_MENUS_SNACKS,680.105527638191,1.010125628140703,5.557286432160805,3.9417085427135676,15.861557788944722,8.425301507537688,0.09623115577889446,2.0291457286432153,0.0,0.0,0.0,0.0,0.0,0.0,0.3065326633165829,0.0,0.0,0.0,0.0,0.0
10,/PRODUITS_SURGELES/GLACE_ENTREMETS,889.7286821705426,0.12612403100775182,3.0968992248062017,23.82015503875969,27.805426356589148,9.36046511627907,0.15503875968992248,1.4798449612403104,0.0,0.0,0.0,0.0,0.0,0.0,0.0,0.0,0.0,0.0,0.0,0.0
11,/MUEESLI_CEREALES/BARRES_DE_CEREALES,1670.0260000000003,0.254,7.927499999999999,36.795,55.975,16.279999999999998,0.9650000000000001,5.77,0.0,0.0225,0.2475,12.4,16.5,0.10500000000000001,2.8,0.017,0.124,0.1975,0.017,0.051000000000000004
12,/BOULANGERIE/BISCOTTES_PAIN_CROUSTILLANT,1763.2830188679245,1.1537735849056607,9.57735849056604,9.543396226415094,63.81509433962264,10.452830188679245,0.7679245283018868,6.320754716981132,0.0,0.01320754716981132,0.0,2.2641509433962264,0.0,0.0,0.0,0.018867924528301886,0.0,0.19245283018867923,0.016981132075471698,0.0
13,/PRODUITS_LAITIERS_OEUFS/FROMAGES,1176.4493854748603,1.338994413407822,16.9927374301676,1.6106145251396646,2.4463687150838,22.948603351955303,0.5916201117318436,0.14134078212290502,0.0,0.0,0.0,0.0,3.1284916201117317,0.0,0.0,0.0,0.0,0.0,0.003910614525139664,0.0
15,/MUEESLI_CEREALES/CEREALES,1704.9156626506024,0.35530120481927724,12.131325301204818,13.227710843373496,57.195180722891564,11.949397590361446,0.6566265060240963,10.38313253012048,0.963855421686747,0.11337349397590361,0.0,17.55421686746988,0.0,0.08433734939759036,0.0,0.1363855421686747,0.3144578313253012,1.3927710843373493,0.15783132530120483,0.24819277108433738
16,/BOULANGERIE/FARINE,1321.6799999999998,0.2242105263157895,12.868421052631577,1.1526315789473685,66.3,2.478947368421052,0.02631578947368421,5.078947368421052,0.0,0.0,0.0,0.0,0.0,0.0,0.0,0.0,0.0,0.0,0.0,0.0
17,/GARNITURES_INGREDIENTS/SOUPES_SAUCES_BOUILLON,640.1522491349481,1.5573702422145328,2.578546712802767,3.5435986159169546,9.052249134948099,11.391349480968858,0.1588235294117647,1.0110726643598613,0.0,0.0,0.0,0.0,0.0,0.0,0.0,0.0,0.0,0.0,0.0,0.0
18,/PRODUITS_LAITIERS_OEUFS/YOGOURT,414.40816326530614,0.09816326530612231,3.5244897959183676,12.062244897959186,12.725510204081631,3.6316326530612253,0.1683673469387755,0.5795918367346938,0.0,0.0,0.0,0.0,0.0,0.0,0.0,0.0,0.0,0.0,0.0,0.0
19,/MUEESLI_CEREALES/MUEESLI,1795.84,0.3288,12.6,14.62,55.04,15.16,0.54,9.56,0.0,0.11199999999999999,0.48,8.0,0.0,0.2,3.2,0.0,0.24,0.0,0.055999999999999994,0.1
20,/CHOCOLAT/DIVERS,1450.65,0.3245,5.065,52.665,74.24,2.48,0.0,0.6174999999999999,1.25,0.0,0.3,5.0,0.0,0.0,0.0,0.034999999999999996,0.15,0.4,0.0,0.0625
21,/BOULANGERIE/INGREDIENTS_DE_BOULANGERIE,1624.6747572815534,0.3291262135922332,6.193203883495145,31.082524271844655,48.50922330097087,17.27718446601942,0.4165048543689321,4.543689320388349,0.0,0.0,0.0,0.0,0.0,0.0,0.0,0.0,0.0,0.0,0.0,0.0
22,/GARNITURES_INGREDIENTS/LEGUMES_LEGUMES_AU_VINAIGRE,194.37878787878788,1.6310606060606063,1.706060606060606,3.1672727272727275,6.251515151515151,1.2166666666666663,0.030303030303030304,2.157121212121212,0.0,0.0,0.0,0.0,0.0,0.0,0.0,0.0,0.0,0.0,0.0,0.0
23,/BOISSONS_CHAUDES_FROIDES/SIROP_SODA,166.76470588235293,0.0008823529411764705,0.04411764705882353,9.676470588235293,9.676470588235293,0.04411764705882353,0.0,0.13823529411764707,0.0,0.0,0.0,0.0,0.0,0.0,0.7058823529411765,0.0,0.0,0.0,0.0,0.0
24,/CHOCOLAT/SPECIALITES,1745.7931034482758,0.41000000000000003,6.334482758620689,37.54827586206896,67.67241379310344,14.451724137931034,2.220689655172414,1.9034482758620688,0.0,0.0,0.0,0.0,0.0,0.0,0.0,0.0,0.0,0.0,0.0,0.0
25,/POISSON_FRUITS_DE_MER/TRAITEUR,665.7631578947369,2.2626315789473685,16.615789473684206,1.5842105263157893,3.676315789473684,8.918421052631578,0.013157894736842105,0.7105263157894736,0.0,0.0,0.0,0.0,0.0,0.0,0.0,0.0,0.0,0.0,0.0,0.0
26,/PRODUITS_SURGELES/POISSON_FRUITS_DE_MER,604.2898550724638,1.123913043478261,13.96391304347826,0.9,6.637246376811595,7.118840579710144,0.007246376811594203,0.5492753623188407,0.0,0.0,0.0,0.0,0.0,0.0,0.0,0.0,0.0,0.0,0.0,0.0
27,/BOISSONS_CHAUDES_FROIDES/BOISSONS_SUCREES,137.32931034482755,0.02241379310344829,0.10172413793103442,6.417241379310344,6.910344827586206,0.43103448275862066,0.0,0.060344827586206906,0.0,0.0,0.0,0.0,0.0,0.0,0.8275862068965517,0.0,0.0,0.0,0.0,0.0
28,/BOISSONS_CHAUDES_FROIDES/JUS_DE_FRUITS_DE_LEGUMES,177.35643564356437,0.06801980198019796,0.4772277227722775,8.917821782178219,9.467326732673268,0.3516831683168318,0.0049504950495049506,0.37029702970297035,0.2376237623762376,0.015841584158415842,0.15445544554455448,1.9306930693069306,4.914851485148515,0.0,3.9603960396039604,0.013366336633663364,0.03663366336633663,0.1217821782178218,0.009900990099009901,0.025247524752475246
29,/GARNITURES_INGREDIENTS/LEGUMES_A_SALADE,275.7037037037037,0.6018518518518519,3.6222222222222222,2.025925925925926,9.77037037037037,0.8296296296296296,0.0,3.3851851851851853,0.0,0.0,0.0,0.0,0.0,0.0,0.0,0.0,0.0,0.0,0.0,0.0
30,/BOISSONS_CHAUDES_FROIDES/EAU_AROMATISEE,65.63157894736842,0.002105263157894737,0.042105263157894736,3.3157894736842106,3.7526315789473674,0.03684210526315789,0.005263157894736842,0.02631578947368421,0.0,0.0,0.0,0.0,0.0,0.0,0.0,0.0,0.0,0.0,0.0,0.0
31,/GARNITURES_INGREDIENTS/GARNITURES_MOULUES_CEREALES,1329.5,0.025000000000000005,8.916666666666666,1.0,64.98333333333333,1.1666666666666667,0.08333333333333333,3.5999999999999996,0.0,0.0,0.0,0.0,0.0,0.0,0.0,0.0,0.0,0.0,0.0,0.0
32,/POISSON_FRUITS_DE_MER/FRUITS_DE_MER_CREVETTES,312.8333333333333,1.6983333333333333,13.5,0.4916666666666667,1.1833333333333333,1.7083333333333333,0.0,0.4166666666666667,0.0,0.0,0.0,0.0,0.0,0.0,0.0,0.0,0.0,0.0,0.0,0.0
33,/VIANDE/PRODUITS_DE_CHARCUTERIE,913.2083333333334,2.1500000000000004,15.166666666666666,1.0416666666666667,2.8958333333333335,18.083333333333332,0.4166666666666667,0.5833333333333334,0.0,0.0,0.0,0.0,0.0,0.0,0.0,0.0,0.0,0.0,0.0,0.0
34,/GARNITURES_INGREDIENTS/ANTIPASTI,578.0,1.716818181818182,2.3090909090909086,5.509090909090909,8.245454545454546,10.763636363636364,0.0,3.6500000000000004,0.0,0.0,0.0,0.0,0.0,0.0,0.0,0.0,0.0,0.0,0.0,0.0
35,/BOISSONS_CHAUDES_FROIDES/THE_GLACE,97.9375,0.016458333333333335,0.3854166666666667,5.431250000000001,5.76875,0.17708333333333334,0.0,0.0625,0.0,0.0,0.0,0.0,0.0,0.0,0.875,0.0,0.0,0.0,0.0,0.0
36,/BOISSONS_CHAUDES_FROIDES/CAFE,973.7777777777778,0.3377777777777777,4.5,13.688888888888888,44.333333333333336,3.1333333333333333,0.0,3.2333333333333334,0.0,0.0,0.0,0.0,0.0,0.0,0.0,0.0,0.0,0.0,0.0,0.0
37,/PETIT_DEJEUNER/CONFITURES,970.8958333333334,0.05729166666666664,0.5458333333333333,53.0,55.75,0.3541666666666667,0.004166666666666667,1.4562499999999998,0.0,0.0,0.0,0.0,0.0,0.0,5.0,0.0,0.0,0.0,0.0,0.0
38,/GARNITURES_INGREDIENTS/VIANDE_EN_CONSERVE,687.84375,0.9637500000000001,10.234375,1.58125,6.81875,10.54375,0.1875,0.9031250000000001,0.0,0.0,0.0,0.0,0.0,0.0,0.0,0.0,0.0,0.0,0.0,0.0
39,/PRODUITS_LAITIERS_OEUFS/LAIT_BOISSONS_LACTEES,260.3157894736842,0.10815789473684206,2.8236842105263156,7.209210526315791,7.801315789473685,2.0368421052631573,0.06052631578947368,0.29605263157894735,0.0,0.014605263157894737,0.16052631578947368,0.5263157894736842,6.842105263157895,0.07697368421052632,0.39473684210526316,0.04118421052631579,0.0,0.03684210526315789,0.0175,0.007894736842105265
40,/BOULANGERIE/BOULANGERIE_PATISSERIE,1669.2755102040817,0.5630612244897959,6.101020408163265,29.790816326530614,50.744897959183675,18.178571428571427,1.3816326530612246,2.0336734693877547,0.0,0.0,0.0,0.0,0.0,0.0,0.0,0.0,0.0,0.0,0.0,0.0
41,/BOULANGERIE/PRODUITS_FRAIS_DE_BOULANGERIE_REFRIGERES,1301.1818181818182,1.5272727272727273,9.909090909090908,5.318181818181818,45.45454545454545,9.045454545454545,1.3636363636363635,3.1363636363636362,0.0,0.0,0.0,0.0,0.0,0.0,0.0,0.0,0.0,0.0,0.0,0.0
42,/APERITIF/SNACKS,1880.125,2.401666666666667,6.858333333333333,3.775000000000001,60.28333333333334,20.925,0.6875,3.304166666666667,0.0,0.0,0.125,0.0,0.0,0.0,0.0,0.0,0.0,0.0,0.0,0.0
43,/APERITIF/BISCUITS_APERITIFS,1773.1606666666667,3.0471111111111098,11.082222222222223,4.904444444444444,58.544444444444444,14.931111111111111,0.7333333333333333,4.346666666666666,0.0,0.0,0.0,0.0,0.0,0.0,0.0,0.0,0.0,0.0,0.0,0.0
44,/APERITIF/CHIPS,2181.7906976744184,1.2730232558139536,6.0813953488372094,3.683720930232558,53.604651162790695,29.941860465116278,0.8488372093023255,4.9441860465116285,0.0,0.0,2.441860465116279,0.0,0.0,0.0,0.0,0.0,0.0,0.0,0.0,0.0
45,/GARNITURES_INGREDIENTS/PATES,1445.337837837838,0.26189189189189194,13.93918918918919,2.8445945945945947,67.61486486486487,2.3216216216216217,0.0,2.6621621621621623,0.0,0.0,0.0,0.0,0.0,0.0,0.0,0.0,0.0,0.0,0.0,0.0
46,/GARNITURES_INGREDIENTS/POMMES_DE_TERRE_SPAETZLI,471.0,0.8794444444444446,2.4444444444444446,0.7055555555555555,14.88888888888889,4.377777777777777,0.34444444444444444,1.7111111111111112,0.0,0.0,0.0,0.0,0.0,0.0,0.0,0.0,0.0,0.0,0.0,0.0
47,/PRODUITS_SURGELES/APERITIF_DESSERT,1280.8387096774193,1.1725806451612903,6.806451612903226,3.5161290322580645,22.322580645161292,13.161290322580646,0.41935483870967744,1.8354838709677421,0.0,0.0,0.0,0.0,0.0,0.0,0.0,0.0,0.0,0.0,0.0,0.0
48,/CHOCOLAT/BLEVITA,1902.037037037037,1.401111111111111,11.018148148148148,8.281481481481482,56.333333333333336,17.51851851851852,1.011111111111111,8.188888888888888,0.0,0.1703703703703704,0.0,24.814814814814813,0.0,0.0,0.0,0.2296296296296296,0.0,2.459259259259259,0.2296296296296296,0.022222222222222223
49,/APERITIF/NOIX_GRILLEES,2499.6666666666665,1.0518181818181818,18.89090909090909,7.312121212121212,17.25151515151515,48.06060606060607,1.0454545454545454,7.77878787878788,0.0,0.0,0.0,0.0,0.0,0.0,0.0,0.0,0.0,0.0,0.0,0.0
50,/PRODUITS_SURGELES/LEGUMES_POMMES_DE_TERRE,372.3857142857143,0.35871428571428554,3.0399999999999996,2.1228571428571428,10.772857142857143,3.157142857142857,0.007142857142857143,2.972857142857143,0.0,0.0,0.0,0.0,0.0,0.0,0.0,0.0,0.0,0.0,0.0,0.0
51,/PRODUITS_SURGELES/FRUITS,347.27777777777777,0.28222222222222215,1.3833333333333333,8.555555555555555,10.777777777777779,2.0055555555555555,0.16666666666666666,5.5,0.0,0.0,0.0,0.0,0.0,0.0,0.0,0.0,0.0,0.0,0.0,0.0
52,/PRODUITS_LAITIERS_OEUFS/BIRCHERMUEESLI,555.7272727272727,0.10090909090909092,3.772727272727273,13.818181818181818,18.545454545454547,4.1454545454545455,0.2636363636363636,1.2272727272727273,0.36363636363636365,0.009090909090909092,0.00818181818181818,1.6363636363636365,0.0,0.0,0.6363636363636364,0.009090909090909092,0.0,0.10909090909090909,0.018181818181818184,0.02727272727272727
53,/GARNITURES_INGREDIENTS/INGREDIENTS_DE_CUISSON,2684.283870967742,0.16532258064516128,0.6051612903225806,5.077419354838709,5.261451612903225,68.13870967741936,0.0,0.22580645161290322,0.0,0.0,7.241935483870968,0.0,0.0,0.0,0.0,0.0,0.0,0.0,0.0,0.0
54,/GARNITURES_INGREDIENTS/POISSON_EN_CONSERVE,756.3753846153847,2.0426923076923074,18.765384615384615,1.060576923076923,2.009615384615384,12.850000000000001,0.19230769230769232,0.38461538461538464,0.0,0.0,0.0,0.0,0.0,0.0,0.0,0.0,0.0,0.0,0.0,0.0
55,/GARNITURES_INGREDIENTS/GARNITURES_BIO,1273.003953488372,0.37232558139534877,16.497674418604653,2.1906976744186046,47.97906976744187,5.206976744186046,0.5653488372093024,6.679069767441861,0.0,0.0,0.0,0.0,0.0,0.0,0.0,0.0,0.0,0.0,0.0,0.0
56,/GARNITURES_INGREDIENTS/CHAMPIGNONS,1128.7857142857142,0.3307142857142857,22.357142857142858,4.1000000000000005,20.214285714285715,7.642857142857143,0.9214285714285715,26.5,0.0,0.0,0.0,0.0,0.0,0.0,0.0,0.0,0.0,0.0,0.0,0.0
57,/PRODUITS_LAITIERS_OEUFS/CREME,1050.7105263157894,0.12289473684210524,2.6473684210526316,3.65,3.9552631578947373,25.350000000000005,0.23684210526315788,0.15789473684210525,0.0,0.0,0.0,0.0,0.0,0.0,0.0,0.0,0.0,0.0,0.0,0.0
58,/PRODUITS_SURGELES/VIANDE,788.6164383561644,0.9806849315068492,16.806849315068494,1.3027397260273972,5.852054794520548,10.91095890410959,0.2328767123287671,0.5643835616438355,0.0,0.0,0.0,0.0,0.0,0.0,0.0,0.0,0.0,0.0,0.0,0.0
59,/BOULANGERIE/PAINS_DE_MIE,1108.9333333333334,1.4733333333333334,9.8,2.966666666666667,43.4,4.633333333333334,0.0,4.133333333333334,0.0,0.0,0.0,8.0,0.0,0.0,0.0,0.0,0.0,0.0,0.0,0.0
60,/PRODUITS_LAITIERS_OEUFS/DESSERT,784.2619047619048,0.1776190476190476,3.5166666666666666,17.54285714285714,21.26904761904762,9.592857142857143,0.21428571428571427,0.6333333333333334,0.0,0.0,0.0,0.0,0.0,0.0,0.0,0.0,0.0,0.0,0.0,0.0
61,/CHOCOLAT/JOURS_DE_FETES_EVENEMENTS,1871.6206896551723,0.23586206896551723,7.151724137931034,36.648275862068964,58.54137931034483,19.42758620689655,1.5,6.137931034482759,0.0,0.0,0.0,0.0,0.0,0.0,0.0,0.0,0.0,0.0,0.0,0.0
62,/APERITIF/POPCORN,1789.5,1.4399999999999997,6.816666666666666,17.066666666666666,63.0,15.0,1.5,6.2,0.0,0.0,0.0,0.0,0.0,0.0,0.0,0.0,0.0,0.0,0.0,0.0
63,/GARNITURES_INGREDIENTS/RIZ,1512.625,0.01541666666666667,7.0,0.4708333333333334,74.41666666666667,0.9458333333333333,0.2125,1.7083333333333333,0.0,0.012499999999999999,0.0,0.0,0.0,0.0,0.0,0.0,0.0,0.13333333333333333,0.0,0.0
64,/VIANDE/SALAMI_LARD,1825.4,4.039999999999999,26.2,0.65,1.0,36.8,1.5,0.45,0.0,0.0,0.0,0.0,0.0,0.0,0.0,0.0,0.0,0.0,0.0,0.0
65,/PRODUITS_SURGELES/PIZZA,931.65625,1.3221874999999998,9.712499999999999,3.14375,26.599999999999998,8.096875,0.4375,1.828125,0.0,0.0,0.0,0.0,0.0,0.0,0.0,0.0,0.0,0.0,0.0,0.0
66,/PLATS_CUISINES/PLATS_CUISINES,1011.2962962962963,1.777962962962963,8.131481481481481,3.9851851851851854,40.3037037037037,5.288888888888888,0.05555555555555555,2.240740740740741,0.0,0.0,0.0,0.0,0.0,0.0,0.0,0.0,0.0,0.0,0.0,0.0
67,/BOULANGERIE/PAINS,1125.6373076923078,1.551153846153846,10.734615384615385,3.1076923076923078,44.30769230769231,5.357692307692308,0.21153846153846154,3.730769230769231,0.0,0.0,0.0,1.1538461538461537,0.0,0.0,0.0,0.0,0.0,0.0,0.0,0.0
68,/BOULANGERIE/PETITS_PAINS,1372.0,1.3333333333333333,9.333333333333334,9.166666666666666,50.55555555555556,8.88888888888889,0.0,3.111111111111111,0.0,0.0,0.0,0.0,0.0,0.0,0.0,0.0,0.0,0.0,0.0,0.0
69,/PRODUITS_LAITIERS_OEUFS/SERE,530.5,0.085,4.0,17.875,17.75,3.9624999999999995,0.0,0.4625,0.0,0.0,0.0,0.0,0.0,0.1875,0.0,0.0,0.0,0.0,0.0,0.0
70,/CHOCOLAT/BISCUITS_POUR_ENFANTS,2084.1111111111113,0.41333333333333333,6.633333333333334,32.25555555555555,63.37777777777777,23.599999999999998,1.9888888888888887,1.8666666666666667,0.0,0.0,0.0,0.0,0.0,0.0,0.0,0.0,0.0,0.0,0.0,0.0
71,/GARNITURES_INGREDIENTS/CHAMPIGNONS_OLIVES_EN_CONSERVE,425.96774193548384,2.522903225806451,1.8161290322580643,0.3290322580645161,0.9064516129032258,8.461290322580643,0.03225806451612903,2.4451612903225803,0.0,0.0,0.0,0.0,0.0,0.0,0.0,0.0,0.0,0.0,0.0,0.0
72,/GARNITURES_INGREDIENTS/FRUITS_EN_CONSERVE,322.58,0.013000000000000005,0.6780000000000002,16.08,17.5,0.36200000000000004,0.05,1.25,0.0,0.0,0.0,0.0,0.0,0.0,0.0,0.0,0.0,0.0,0.0,0.0
73,/PRODUITS_LAITIERS_OEUFS/OEUFS,650.0,0.2475,13.0,0.5,1.0,11.0,0.0,0.0,0.0,0.0,0.0,0.0,0.0,0.0,0.0,0.0,0.0,0.0,0.0,0.0
74,/VIANDE/SAUCISSES,1191.04,2.2439999999999998,16.04,0.82,0.96,22.32,0.92,0.46,0.0,0.0,0.0,0.0,0.0,0.0,0.0,0.0,0.0,0.0,0.0,0.0
75,/BOULANGERIE/PRODUITS_SANS_GLUTEN,1076.5,1.3500000000000003,3.75,1.8499999999999999,45.0,5.5,0.25,5.5,0.0,0.0,0.0,0.0,0.0,0.0,0.0,0.0,0.0,0.0,0.0,0.0
76,/FRUITS_ET_LEGUMES/FRUITS,1296.0,0.0,12.75,4.5,9.0,24.5,0.0,1.0,0.0,0.0,0.0,0.0,0.0,0.0,15.0,0.0,0.0,0.0,0.0,0.0
77,/VIANDE/VIANDE_SECHEE_JAMBON,965.3571428571429,3.9749999999999988,30.042857142857144,0.9892857142857142,1.3928571428571428,11.932142857142859,0.6071428571428571,0.48214285714285715,0.0,0.0,0.0,0.0,0.0,0.0,0.0,0.0,0.0,0.0,0.0,0.0
78,/VIANDE/VOLAILLE,735.8333333333334,1.6333333333333335,11.0,0.9166666666666666,14.166666666666666,11.666666666666666,0.0,1.2666666666666666,0.0,0.0,0.0,0.0,0.0,0.0,0.0,0.0,0.0,0.0,0.0,0.0
79,/GARNITURES_INGREDIENTS/LEGUMINEUSES_HARICOTS_VERTS_SECHES,1301.4285714285713,0.12285714285714286,23.0,4.071428571428571,41.57142857142857,1.5,0.07142857142857142,17.142857142857142,0.0,0.0,0.0,0.0,0.0,0.0,0.0,0.0,0.0,0.0,0.0,0.0
80,/GARNITURES_INGREDIENTS/LEGUMINEUSES_FARCE_POUR_VOL_AU_VENT,512.3333333333334,1.0016666666666667,5.25,1.2583333333333333,7.833333333333333,7.25,0.041666666666666664,2.6833333333333336,0.0,0.0,0.0,0.0,0.0,0.0,0.0,0.0,0.0,0.0,0.0,0.0
81,/VIANDE/GIBIER,482.0,1.0459999999999998,7.9,8.24,14.4,2.3,0.16,2.14,0.0,0.0,0.0,0.0,0.0,0.0,0.0,0.0,0.0,0.0,0.0,0.0
82,/PRODUITS_LAITIERS_OEUFS/BEURRE,2762.6111111111113,0.07222222222222223,0.5277777777777778,0.3888888888888889,0.5611111111111111,77.22222222222223,0.0,0.0,0.0,0.0,0.3333333333333333,0.0,133.33333333333334,0.3333333333333333,0.0,0.0,0.0,0.0,0.0,0.0
83,/BOULANGERIE/PRODUITS_FRAIS_DE_BOULANGERIE_NON_REFRIGERES,1220.7272727272727,1.3636363636363635,8.909090909090908,3.809090909090909,46.18181818181818,7.0181818181818185,0.045454545454545456,2.909090909090909,0.0,0.0,0.0,0.0,0.0,0.0,0.0,0.0,0.0,0.0,0.0,0.0
84,/BOULANGERIE/PAINS_LONGUE_CONSERVATION,1487.0,1.4,9.114285714285716,1.5714285714285714,36.142857142857146,18.12857142857143,2.0,5.8,0.0,0.0,0.0,0.0,0.0,0.0,0.0,0.0,0.0,0.0,0.0,0.0
85,/BOISSONS_CHAUDES_FROIDES/BOISSONS_FAIBLES_EN_CALORIES,1523.2,1.474,34.2,24.1,38.7,6.04,0.1,7.4,45.0,1.0299999999999998,7.659999999999999,133.0,378.0,1.9600000000000002,40.1,1.29,2.68,13.4,1.3,1.52
86,/BOULANGERIE/PAINS_BIO_LONGUE_CONSERVATION,950.8571428571429,1.272857142857143,6.085714285714286,3.1,39.957142857142856,2.7428571428571433,0.0,8.357142857142858,0.0,0.0,0.0,13.571428571428571,0.0,0.0,0.0,0.0,0.0,0.0,0.0,0.0
87,/PETIT_DEJEUNER/MIEL,1416.5,0.040624999999999994,0.5,82.0,82.0,0.4375,0.0,0.0,0.0,0.0,0.0,0.0,0.0,0.0,0.0,0.0,0.0,0.0,0.0,0.0
88,/PLATS_CUISINES/CONVENIENCE,698.0,1.38,19.2,1.0,1.9,9.2,0.0,0.5,0.0,0.0,0.0,0.0,0.0,0.0,0.0,0.0,0.0,0.0,0.0,0.0
89,/BOISSONS_CHAUDES_FROIDES/THE,255.42857142857142,0.1142857142857143,0.8571428571428571,9.799999999999999,14.12857142857143,0.0,0.0,0.0,0.0,0.0,0.0,0.0,0.0,0.0,0.0,0.0,0.0,0.0,0.0,0.0
90,/PRODUITS_LAITIERS_OEUFS/MARGARINE,2328.0,0.24000000000000005,0.2,4.36,7.05,56.0,4.4,0.35,0.0,0.0,4.32,0.0,120.0,0.9,0.0,42.0,0.0,0.0,0.0,0.15
91,/GARNITURES_INGREDIENTS/DIVERS,961.5,2.7,3.725,8.2,9.95,19.275,0.0,1.75,0.0,0.0,0.0,0.0,0.0,0.0,0.0,0.0,0.0,0.0,0.0,0.0
92,/BOISSONS_CHAUDES_FROIDES/BOISSONS_DAPERITIF,163.45,0.0695,0.2205,8.834999999999999,9.11,0.16,0.03,0.025,0.0,0.0,0.0,2.0,0.0,0.0,0.0,0.0,0.0,0.0,0.0,0.013000000000000001
93,/PRODUITS_LAITIERS_OEUFS/DIVERS,338.0,0.088,8.1,9.0,9.6,0.9799999999999999,0.02,0.4,0.0,0.0,0.0,0.0,0.0,0.0,0.0,0.0,0.0,0.0,0.0,0.0
94,/PETIT_DEJEUNER/PATES_A_TARTINER,1861.923076923077,0.24384615384615385,5.523076923076923,45.646153846153844,54.58461538461539,26.646153846153844,0.0,1.0538461538461539,0.0,0.0,0.0,0.0,0.0,0.0,0.0,0.0,0.0,0.0,0.0,0.0
95,/FRUITS_ET_LEGUMES/LEGUMES,278.0769230769231,0.19230769230769232,1.9076923076923078,0.6153846153846154,12.86923076923077,0.47692307692307695,0.0,1.8461538461538463,0.0,0.0,0.0,0.0,0.0,0.0,0.0,0.0,0.0,0.0,0.0,0.0
96,/BOISSONS_CHAUDES_FROIDES/EAU_MINERALE,0.0,0.17,0.0,0.0,0.0,0.0,0.0,0.0,0.0,0.0,0.0,0.0,0.0,0.0,0.0,0.0,0.0,0.0,0.0,0.0
97,/GARNITURES_INGREDIENTS/EPICES_HERBES,803.2,32.33333333333333,7.106666666666667,3.5666666666666673,18.40666666666667,9.68,0.0,0.7799999999999999,0.0,0.0,0.0,0.0,0.0,0.0,0.0,0.0,0.0,0.0,0.0,0.0
98,/PRODUITS_SURGELES/BOULANGERIE_PATISSERIE,1338.5,0.5283333333333333,4.5,12.0,33.5,17.833333333333332,0.0,1.9166666666666667,0.0,0.0,0.0,0.0,0.0,0.0,0.0,0.0,0.0,0.0,0.0,0.0
99,/VIANDE/BIO,800.0,1.2,18.0,0.5,1.0,13.0,0.0,0.0,0.0,0.0,0.0,0.0,0.0,0.0,0.0,0.0,0.0,0.0,0.0,0.0
100,/VIANDE/ACCOMPAGNEMENTS,354.0,0.03,0.5,17.0,19.0,0.5,0.0,0.5,0.0,0.0,0.0,0.0,0.0,0.0,0.0,0.0,0.0,0.0,0.0,0.0
101,/BOULANGERIE/FARINES_SANS_GLUTEN,1507.0,1.3,6.0,4.0,68.0,5.0,0.0,8.0,0.0,0.0,0.0,0.0,0.0,0.0,0.0,0.0,0.0,0.0,0.0,0.0
102,/CHOCOLAT/BISCUITS_POUR_ALLERGIQUES,2091.0,0.025,6.4,38.0,51.0,29.0,7.3,4.5,0.0,0.0,0.0,0.0,0.0,0.0,0.0,0.0,0.0,0.0,0.0,0.0
